ID,Emotion,EmotionalPolarity,Empathy
1,2.3859146,1,2.7141173
2,2.388578,1,2.5299273
3,2.295329,1,2.5511372
4,2.1244917,0,2.138216
5,2.5699425,2,2.4674122
6,1.9872383,2,1.6455457
7,2.0073993,1,2.027
8,2.0008442,1,2.0148728
9,2.1262655,2,1.82132
10,1.8625823,0,1.3800468
11,1.8896188,1,1.7163646
12,1.3236629,1,1.32566
13,2.3266404,1,2.6075451
14,1.268913,1,1.3667889
15,1.8762474,1,1.7805969
16,2.3703816,2,2.18124
17,2.0489163,1,2.1035128
18,1.6977633,1,1.3852535
19,1.7056823,1,1.4204799
20,1.8181907,0,1.3229158
21,1.7162831,1,1.4480803
22,2.4889615,1,2.7606235
23,1.7483872,1,1.5223371
24,2.2864654,1,2.5351572
25,2.1026442,1,2.2018964
26,2.5678751,1,3.027838
27,2.336002,1,2.6243963
28,1.6719521,0,1.2161372
29,1.325178,1,1.3245629
30,1.325178,1,1.3245629
31,1.2692293,1,1.3665552
32,2.5535438,1,3.0064573
33,3.129598,2,3.2027926
34,2.0896935,2,1.9006168
35,2.1551876,2,1.8635814
36,2.3279607,1,2.3979058
37,2.2217197,2,1.9612085
38,1.2736629,1,1.3631886
39,2.1132662,1,2.2212791
40,2.0938058,1,2.1857545
41,2.0233889,2,1.7583382
42,1.8316045,1,1.693816
43,3.1431482,2,3.2196856
44,2.5404232,1,2.8889651
45,3.1510189,2,3.2294831
46,2.5067353,1,2.9285524
47,1.9900396,2,1.6751356
48,1.8549181,1,1.739414
49,1.8715578,1,1.7715795
50,2.5306542,1,2.8637633
51,2.3221812,1,2.599516
52,2.015678,2,1.7411331
53,2.497404,2,2.3649993
54,1.729889,1,1.48065
55,1.8437195,1,1.7175967
56,2.1389554,2,2.0030043
57,2.474253,2,2.3319192
58,2.5879989,1,3.0466578
59,1.7180635,1,1.4113744
60,2.51078,1,2.9355252
61,2.4281168,0,2.547912
62,1.7698817,1,1.5685459
63,1.3251785,1,1.324563
64,1.3251785,1,1.324563
65,1.9355427,1,1.893145
66,2.435478,2,2.2761807
67,2.88634,2,2.8933713
68,2.5882728,1,3.0455456
69,2.0420141,1,2.0908248
70,1.7444553,1,1.5136518
71,2.188774,2,1.9128768
72,2.5682561,1,3.0283532
73,2.226479,2,2.1840239
74,2.2406921,0,2.3377836
75,2.5975997,2,2.505962
76,2.4686563,1,2.712534
77,1.2690489,1,1.3666894
78,2.4595351,1,2.691196
79,1.3810111,1,1.2864783
80,2.3573296,0,2.3880148
81,1.7065464,1,1.4227505
82,1.7065443,1,1.4213989
83,2.5651188,1,3.0238552
84,2.5594912,1,3.0155349
85,2.4257572,0,2.584665
86,1.9682745,1,1.8660965
87,2.1041214,1,2.2045944
88,1.7774996,1,1.5201936
89,2.0261002,0,1.6678303
90,1.9655697,1,1.9493444
91,2.3819807,1,2.7070532
92,2.0294478,1,2.0676944
93,1.8188969,1,1.6686463
94,2.0503042,1,2.106061
95,1.6011811,0,1.2055975
96,2.5624225,1,2.948757
97,1.7173241,1,1.4099923
98,1.6041347,0,1.2055857
99,1.6605035,0,1.212812
100,1.325178,1,1.3245629
101,1.325178,1,1.3245629
102,1.325178,1,1.3245629
103,1.2689217,1,1.3667833
104,2.3781316,0,2.4345589
105,1.7547652,1,1.5362606
106,1.7722272,1,1.5044812
107,1.2689344,1,1.3667743
108,3.0223684,2,3.0679326
109,1.7593316,1,1.5461096
110,2.4000542,0,2.4834392
111,1.3370484,1,1.3160748
112,2.137954,2,1.8391895
113,2.0012844,2,1.7056986
114,2.223476,1,2.4213958
115,1.8431957,1,1.716572
116,2.004894,2,1.6605093
117,2.4371524,0,2.5739472
118,2.027524,2,1.6866302
119,2.273073,0,2.3881543
120,1.7365458,0,1.2480273
121,2.4128697,0,2.5748491
122,2.0121512,0,1.6399257
123,2.3794363,0,2.5393825
124,2.3856204,0,2.451185
125,2.1451533,0,1.9183588
126,1.6788124,0,1.2184504
127,1.3251785,1,1.324563
128,2.3423707,1,2.6358557
129,1.7596648,0,1.2652067
130,2.3288682,1,2.399872
131,1.2702926,1,1.3657552
132,2.1018043,0,1.8251654
133,1.325178,1,1.3245629
134,2.3423703,1,2.6358547
135,1.3129107,1,1.3335243
136,2.2577353,1,2.483311
137,1.2690749,1,1.3666699
138,2.225739,0,2.3113127
139,1.325178,1,1.3245629
140,1.325178,1,1.3245629
141,1.2692379,1,1.3665491
142,1.9357187,0,1.4963275
143,2.4254868,1,2.6125517
144,2.4464827,1,2.6605926
145,2.2832668,1,2.3028882
146,1.6986811,1,1.4006155
147,1.9895777,2,1.6502383
148,1.5697373,0,1.2079033
149,1.6975298,1,1.3955028
150,2.548085,1,2.9978456
151,1.8048899,1,1.6405873
152,2.359889,0,2.3937988
153,1.97228,1,1.9618471
154,1.5798186,0,1.2067423
155,1.4064163,1,1.2708888
156,3.4596817,2,3.6067328
157,2.0046062,2,1.716702
158,2.0918844,1,2.1822422
159,2.0969803,2,1.9169209
160,3.7693307,2,3.9756098
161,2.5448997,1,2.9009533
162,2.428993,0,2.5499785
163,2.5846019,1,3.046458
164,2.5108316,1,2.813898
165,2.205592,0,2.050543
166,2.3062272,1,2.570779
167,1.9129915,1,1.8506224
168,1.9759346,1,1.9686491
169,1.7945198,1,1.6195668
170,2.214117,2,1.9501994
171,1.7132716,1,1.4402303
172,1.81432,1,1.583548
173,2.1382494,1,2.266809
174,2.4918032,1,2.9025917
175,1.71895,1,1.4543817
176,2.5774662,1,3.0401535
177,2.3392227,0,2.3474267
178,1.7277981,1,1.4275175
179,1.7832459,1,1.5964296
180,2.3415518,1,2.6343815
181,2.0475266,1,2.0031195
182,1.8693048,1,1.6776608
183,1.6030978,0,1.2055852
184,1.8542556,1,1.7381272
185,1.7190121,1,1.4548417
186,2.3476012,1,2.4401965
187,1.9383811,1,1.8984761
188,1.325178,1,1.3245629
189,1.325178,1,1.3245629
190,1.2689899,1,1.3667318
191,1.26892,1,1.3667831
192,1.9042856,0,1.4433079
193,2.2514193,1,2.4719057
194,2.7566803,2,2.7225888
195,2.3369749,0,2.4843516
196,2.4553747,1,2.6811671
197,2.0591106,2,1.7276242
198,2.1436553,2,1.8468535
199,2.154565,0,2.1925104
200,1.9944588,2,1.688679
201,2.5732102,1,2.980271
202,2.0690134,2,1.8570316
203,1.8489814,1,1.7278652
204,1.8144923,1,1.6598604
205,1.9010676,1,1.8280085
206,1.9905232,0,1.597553
207,1.7363753,1,1.4955186
208,2.6943307,2,2.638684
209,2.0711837,2,1.7441112
210,1.9865192,2,1.659277
211,2.0359788,1,2.079721
212,3.61706,2,3.795062
213,1.9877499,2,1.6694632
214,2.3302524,0,2.4743693
215,1.8904251,1,1.8077393
216,1.9356294,1,1.8933073
217,2.0489066,2,1.7141833
218,1.2689158,1,1.3667866
219,2.1514218,1,2.2907515
220,1.268915,1,1.3667874
221,1.7375476,1,1.4981883
222,2.5820627,1,3.0447478
223,3.2728953,2,3.379951
224,1.7426842,1,1.5097187
225,2.2890823,0,2.2358031
226,2.1490705,2,2.0240424
227,2.0813506,1,2.1629782
228,2.5878787,1,3.0465684
229,1.9850403,2,1.6625054
230,1.8159204,1,1.6627141
231,2.1836002,2,2.0952806
232,1.6993182,1,1.3977524
233,1.8348075,0,1.3429934
234,1.7527097,1,1.531792
235,2.5465634,1,2.9954073
236,1.7410806,1,1.5061227
237,2.1939244,1,2.367888
238,1.707813,1,1.4063714
239,2.3702629,1,2.6860068
240,1.9396368,1,1.8096678
241,2.2241464,1,2.4226065
242,2.4200912,0,2.5807977
243,2.2850182,1,2.532549
244,1.728287,1,1.4768673
245,1.7079719,1,1.4169593
246,1.7201256,1,1.4271566
247,2.4000125,2,2.224699
248,1.8886017,1,1.8042573
249,1.6192884,0,1.206111
250,2.3715522,0,2.4198437
251,2.108987,1,2.213474
252,1.7743796,1,1.5779917
253,2.427052,1,2.7878265
254,1.8903489,0,1.4212108
255,1.309211,1,1.3362615
256,1.926798,0,1.4808595
257,1.2689131,1,1.3667891
258,1.9980646,2,1.6545656
259,2.134217,2,1.8337314
260,2.1147704,2,1.8056989
261,2.2434216,1,2.2203047
262,2.0179179,2,1.6748848
263,2.2081048,2,1.944264
264,2.5264068,1,2.96215
265,1.7781471,1,1.5859135
266,1.9957095,2,1.6921899
267,2.3764067,1,2.697058
268,2.417367,0,2.5792723
269,1.9127654,1,1.8503289
270,2.5879095,1,3.046747
271,2.024309,1,2.0583143
272,2.56836,1,3.028511
273,2.4817693,1,2.885011
274,1.9863249,2,1.6576846
275,2.1960986,1,2.3718407
276,1.98624,2,1.6510365
277,1.7330539,1,1.4871864
278,2.0619519,2,1.8423009
279,1.8283004,1,1.6873455
280,2.054326,2,1.7210956
281,2.0794046,1,2.1598892
282,2.013049,2,1.7348416
283,2.989251,2,3.027082
284,3.688018,2,3.8793535
285,1.744516,1,1.5121812
286,2.1382437,1,2.2667823
287,1.8909612,1,1.8087358
288,1.7370785,1,1.497126
289,1.7450243,1,1.5110794
290,2.0566113,2,1.7240858
291,1.9930006,1,2.0005398
292,2.0494204,2,1.714849
293,2.582173,1,3.0441904
294,2.576266,1,3.03879
295,1.7785308,1,1.5865929
296,2.0512402,2,1.717039
297,2.583068,1,3.0436516
298,2.0360594,2,1.7866476
299,1.9490083,1,1.9183115
300,2.0780385,1,2.1569161
301,2.1280243,1,2.2481904
302,2.2416623,1,2.2157469
303,2.0085318,1,2.029141
304,1.9994282,2,1.7016948
305,2.3597808,1,2.6672893
306,1.9931704,2,1.6504323
307,2.4910805,2,2.3565302
308,2.2376657,2,1.985191
309,1.9973272,2,1.7055411
310,2.351224,0,2.3745325
311,1.7751216,1,1.53113
312,2.5440042,1,2.8984394
313,2.0309732,1,2.0708368
314,2.4517972,1,2.831958
315,1.9762875,2,1.6466479
316,1.8702449,1,1.7690516
317,1.8767506,0,1.4005574
318,3.2898192,2,3.4006753
319,2.576361,2,2.4763875
320,3.632969,2,3.8139875
321,1.2689133,1,1.3667893
322,2.0120294,2,1.7345372
323,1.9277158,1,1.8784207
324,3.7580874,2,3.9623156
325,3.238507,2,3.3377185
326,1.997353,2,1.6526463
327,2.6725333,2,2.6090536
328,2.3938026,1,2.728274
329,1.9423324,1,1.9058915
330,2.4385154,1,2.808305
331,1.5893632,0,1.2060046
332,2.2997663,2,2.077344
333,2.2812119,1,2.2986138
334,2.2947075,1,2.550026
335,2.8575728,2,2.8558817
336,2.0762098,2,1.7517252
337,2.5719275,1,2.9764986
338,2.4800532,1,2.740048
339,2.915768,2,2.9315052
340,2.6860077,2,2.627389
341,2.2913053,1,2.3200202
342,2.4547253,2,2.3038807
343,2.093384,2,1.7747326
344,2.2635028,2,2.024074
345,2.0509589,0,1.7185137
346,2.0031707,0,1.6221914
347,1.325178,1,1.3245629
348,1.325178,1,1.3245629
349,1.3001969,1,1.3429933
350,1.2689131,1,1.3667891
351,2.3348565,1,2.6223354
352,3.263707,2,3.3686852
353,2.2017634,2,2.1328573
354,2.9886565,2,3.0250611
355,2.835357,2,2.826779
356,3.8239155,2,4.0401516
357,2.060497,2,1.8389597
358,2.0908625,1,2.180375
359,2.2228022,1,2.420175
360,1.992212,2,1.6828799
361,2.0892148,0,1.7984488
362,1.9469777,1,1.9145982
363,1.2844764,1,1.354912
364,1.7005033,1,1.405826
365,2.567178,1,3.0268517
366,1.6994902,1,1.400773
367,2.4297476,1,2.6222498
368,2.4318087,1,2.7963252
369,1.727305,1,1.4746177
370,2.397354,1,2.7346444
371,2.5872047,1,3.0280561
372,1.9757053,1,1.9682219
373,2.500085,1,2.7874777
374,1.9663931,1,1.9508803
375,2.0031748,2,1.6594684
376,1.7074217,1,1.4254731
377,2.4239511,1,2.6090834
378,3.241244,2,3.341087
379,1.325178,1,1.3245629
380,1.325178,1,1.3245629
381,1.3001969,1,1.3429933
382,1.2689131,1,1.3667891
383,3.7649717,2,3.97046
384,2.7208326,2,2.6744995
385,2.1034937,2,1.7892395
386,2.4942608,2,2.360519
387,3.2644005,2,3.3695347
388,3.5099413,2,3.6671104
389,3.819648,2,4.035102
390,3.7369306,2,3.93729
391,1.268915,1,1.3667878
392,2.0299454,1,1.9721097
393,2.7113686,2,2.6617355
394,3.7649353,2,3.9704142
395,3.5090697,2,3.6660674
396,2.1189773,2,1.9625118
397,2.8335733,2,2.8244357
398,2.123769,1,2.2404246
399,1.9977871,2,1.6539264
400,2.3117628,1,2.5807533
401,1.268915,1,1.3667878
402,2.3069518,1,2.5720851
403,2.2656295,1,2.4975638
404,1.7715408,1,1.5071206
405,3.6607077,2,3.8469486
406,2.0440533,2,1.8043246
407,2.119272,0,1.8625131
408,2.1161618,1,2.2265606
409,2.5881412,1,3.0465426
410,2.0827918,2,1.7600482
411,1.707584,1,1.396587
412,1.709382,1,1.4303365
413,2.1990798,2,1.9291196
414,2.364257,1,2.6752174
415,1.8290483,1,1.688772
416,1.7470804,1,1.519464
417,2.1627645,1,2.3113582
418,2.0664468,2,1.8529681
419,1.8370304,1,1.6215353
420,2.4785602,1,2.87935
421,1.325178,1,1.3245629
422,1.325178,1,1.3245629
423,2.7155297,2,2.6673503
424,2.6988947,2,2.6448674
425,2.370023,2,2.1807468
426,2.090607,2,1.7710525
427,2.3028438,1,2.5646827
428,2.34173,2,2.1392384
429,2.5759277,1,2.9881513
430,1.9302351,1,1.8831636
431,2.1121159,2,1.9474144
432,2.7691722,2,2.739253
433,2.5638418,1,2.9523838
434,1.8677438,1,1.7642318
435,1.9972488,2,1.6950178
436,2.574349,1,2.9831693
437,2.020657,2,1.6783402
438,2.2746031,2,2.0397253
439,2.559219,1,3.0151894
440,2.410543,0,2.5729613
441,2.1986833,2,2.126389
442,2.2864616,2,2.0574489
443,2.3047836,2,2.0846455
444,2.1955667,0,2.0284905
445,2.033121,0,1.6820288
446,2.5806935,2,2.48243
447,2.5889392,1,3.0383234
448,1.9860141,2,1.6518996
449,1.7105291,1,1.4336694
450,2.5233235,1,2.9569445
451,2.032496,1,2.0733082
452,1.6955615,1,1.384444
453,1.2689528,1,1.3667598
454,1.8284309,0,1.3350995
455,1.270567,1,1.3655463
456,1.325178,1,1.3245629
457,1.296229,1,1.3459806
458,3.3997824,2,3.5344453
459,1.8843087,1,1.7960503
460,2.4092495,1,2.5759497
461,2.2621245,1,2.4912379
462,2.1942348,2,1.9210262
463,1.7899877,1,1.6103042
464,2.5522943,1,3.004507
465,2.0457404,1,2.097674
466,2.4214017,1,2.7777226
467,1.9470729,1,1.9147778
468,1.7418824,1,1.5079268
469,1.7648749,1,1.5579492
470,1.9882705,2,1.6447296
471,2.2849035,0,2.4099092
472,2.2194076,2,1.9585252
473,2.4729483,1,2.7226233
474,2.2987258,1,2.5572643
475,1.7472705,1,1.519836
476,2.446834,1,2.8231256
477,1.9704591,1,1.8691405
478,2.0934956,1,2.185187
479,2.2018661,2,2.133817
480,1.2690549,1,1.3666859
481,2.508505,1,2.9316163
482,1.993796,1,2.001829
483,2.1944938,1,2.3689976
484,2.0435836,2,1.7079558
485,2.001606,1,2.016486
486,1.8525385,1,1.7347906
487,1.9275761,1,1.8781853
488,2.4532743,1,2.6763988
489,1.7638226,1,1.5557102
490,2.450938,1,2.8304288
491,1.7240348,1,1.4668657
492,1.325178,1,1.3245629
493,1.325178,1,1.3245629
494,1.325178,1,1.3245629
495,1.3886429,1,1.2816684
496,1.781343,1,1.5924907
497,2.1656919,2,1.8790259
498,2.2170644,1,2.4097936
499,2.1370206,2,1.9993997
500,3.0310209,2,3.0788965
501,2.2531674,1,2.239862
502,2.4009597,1,2.5574274
503,2.102446,1,2.201537
504,2.1057546,2,1.9345169
505,2.401718,1,2.5591683
506,2.1137984,1,2.2222495
507,2.2347255,1,2.4417462
508,2.5871203,1,3.047176
509,2.0823376,2,1.8860409
510,2.531008,1,2.9698749
511,2.588669,1,3.0451393
512,3.1931255,2,3.2817237
513,1.7303268,1,1.4816333
514,2.3716154,2,2.183185
515,2.2259746,1,2.4259138
516,2.183508,0,2.2418835
517,2.5737402,1,3.0356708
518,2.3159356,0,2.4541562
519,1.9959384,1,2.0057874
520,2.1576257,2,1.8675616
521,1.8549353,1,1.7394484
522,1.9845246,1,1.8891516
523,1.7008262,1,1.3925258
524,1.5182723,1,1.2194666
525,2.3087587,1,2.3570213
526,2.310509,1,2.5784926
527,2.2145283,1,2.4052036
528,1.7000033,1,1.4037629
529,2.2359545,1,2.4439647
530,2.453813,1,2.835541
531,1.9784292,1,1.9732885
532,2.195867,1,2.371409
533,1.848303,1,1.7265451
534,1.997687,2,1.698468
535,1.7855507,1,1.601187
536,2.5260746,1,2.961595
537,2.5860226,1,3.0469825
538,1.6990198,1,1.400204
539,2.0674086,1,2.0436738
540,2.4759924,1,2.8748238
541,2.5249085,1,2.959577
542,1.9854554,1,1.9863429
543,2.030573,1,2.0697675
544,1.9173723,0,1.4648705
545,2.224606,1,2.4234383
546,2.311314,0,2.4465272
547,1.7716497,1,1.5722662
548,2.4113195,0,2.5736566
549,2.0951164,1,2.1881502
550,2.2870371,1,2.5361872
551,2.5260785,1,2.852255
552,2.5857909,2,2.4895346
553,2.1486397,2,2.0234613
554,2.4849055,1,2.750863
555,1.2689579,1,1.3667556
556,1.2689939,1,1.3667294
557,2.569488,1,2.9687037
558,2.3261294,1,2.393963
559,2.392251,1,2.7254894
560,2.103299,1,2.203092
561,2.5708551,1,3.031919
562,1.7351639,1,1.4424169
563,1.2715628,1,1.3647919
564,2.5063632,1,2.92791
565,1.6973647,1,1.3904921
566,2.5878537,1,3.0313048
567,2.0188274,2,1.748327
568,2.5863225,1,3.0472836
569,2.045351,1,1.9988856
570,2.2690187,2,2.031601
571,1.2689201,1,1.3667836
572,2.189503,1,2.3598742
573,2.588422,1,3.0460017
574,2.0689857,2,1.8574017
575,2.2433794,0,2.1341567
576,2.0466578,1,2.0993621
577,2.0787468,1,2.1582131
578,1.765565,1,1.4935645
579,1.8956718,1,1.8177425
580,1.9684658,1,1.9547423
581,2.0357876,2,1.6969401
582,1.9036701,1,1.8329524
583,2.069585,1,2.0418048
584,2.5828514,1,3.0455272
585,2.4300444,1,2.7931745
586,1.7354884,1,1.4935119
587,2.41654,1,2.7690232
588,2.4149191,1,2.7661252
589,2.3288984,0,2.32472
590,1.8421767,0,1.3524054
591,1.325178,1,1.3245629
592,1.325178,1,1.3245629
593,1.3001969,1,1.3429933
594,1.269105,1,1.366649
595,3.202833,2,3.2937298
596,3.437588,2,3.5801132
597,2.9831777,2,3.0180717
598,2.550748,1,2.916391
599,2.9264853,2,2.9453406
600,1.9909502,2,1.6494124
601,2.5797954,1,3.0427384
602,2.1138496,2,1.8037922
603,2.5887218,1,3.044543
604,2.0205212,1,2.0512357
605,2.5812328,1,3.0061097
606,2.0261378,2,1.7664726
607,2.423352,1,2.7812104
608,1.7664448,1,1.5000494
609,2.066754,1,2.1362464
610,2.190339,1,2.3613908
611,2.3801877,1,2.5114472
612,1.7217389,1,1.461336
613,2.5890481,1,3.0404143
614,2.2447104,1,2.459787
615,1.957466,1,1.9343777
616,1.9885147,2,1.6449554
617,1.7117769,1,1.4369426
618,2.2340617,1,2.4405384
619,2.3204079,1,2.5963225
620,1.8126606,1,1.6561993
621,2.3455703,0,2.361843
622,2.4375033,1,2.8064928
623,2.2792184,0,2.2138615
624,2.4227657,0,2.5350158
625,1.325178,1,1.3245629
626,1.325178,1,1.3245629
627,1.2689131,1,1.3667891
628,1.945073,1,1.9110291
629,2.2673821,1,2.500728
630,2.8284862,2,2.8177514
631,2.0341482,1,2.0763505
632,2.4166653,0,2.5208712
633,2.4213507,0,2.5316377
634,1.5814854,0,1.2065868
635,2.2848775,1,2.3063223
636,2.0860522,2,1.7647011
637,2.448424,1,2.6651425
638,2.5807536,1,3.0436697
639,2.0550907,1,2.1148505
640,2.6085832,2,2.521193
641,1.7205981,1,1.4257777
642,2.1848595,1,2.3514557
643,2.288077,1,2.3130898
644,2.119588,0,2.130375
645,1.8468785,1,1.7237657
646,2.080268,2,1.7566206
647,3.4191115,2,3.5578122
648,2.3234568,1,2.3882294
649,2.2608764,2,2.019762
650,2.9305594,2,2.950592
651,2.5542195,1,2.9267373
652,1.2689574,1,1.3667561
653,2.418441,0,2.5797431
654,2.4134865,0,2.5135534
655,2.583479,1,3.0456824
656,1.3653737,1,1.2966504
657,2.4222014,0,2.582452
658,1.325178,1,1.3245629
659,1.325178,1,1.3245629
660,1.6951584,1,1.3856543
661,1.7561148,1,1.5391798
662,1.630483,0,1.2071478
663,1.7774073,1,1.514942
664,1.325178,1,1.3245629
665,1.325178,1,1.3245629
666,1.9183491,1,1.7686327
667,1.9848648,1,1.9852469
668,1.268915,1,1.3667874
669,2.2387614,0,2.1238866
670,1.2690698,1,1.3666726
671,2.4279666,0,2.547297
672,1.2689807,1,1.3667388
673,2.0946724,1,2.1873379
674,2.1903255,0,2.016974
675,1.2690502,1,1.3666887
676,2.2244098,1,2.4230838
677,2.576305,1,3.038866
678,1.268915,1,1.3667874
679,2.015682,0,1.646948
680,1.2689353,1,1.366773
681,2.4248679,1,2.783922
682,1.2708019,1,1.3653682
683,2.219226,0,2.3006935
684,2.3429945,0,2.3561466
685,2.0444124,2,1.7080166
686,2.8248646,2,2.8129873
687,1.3001969,1,1.3429933
688,1.2689131,1,1.3667893
689,1.9321405,1,1.8867487
690,1.9169437,1,1.8580961
691,2.108051,2,1.9388292
692,2.4633014,2,2.316248
693,1.9336065,1,1.8895055
694,1.9822038,1,1.9803056
695,3.5382411,2,3.7010064
696,3.6933992,2,3.8857346
697,2.6459754,2,2.5727363
698,2.339162,1,2.630092
699,1.2693073,1,1.3664973
700,2.172304,2,1.8887737
701,3.0243757,2,3.0704775
702,2.0781896,1,2.157192
703,1.7544237,1,1.5355198
704,2.4330022,1,2.79846
705,1.2697545,1,1.3661627
706,3.7501657,2,3.9529486
707,2.312392,2,2.0959816
708,3.5679123,2,3.7364695
709,1.2800726,1,1.3582798
710,2.556059,1,3.0103586
711,1.911883,1,1.7567394
712,2.2796953,1,2.5229464
713,2.588917,1,3.0444956
714,2.4435554,1,2.653938
715,1.268995,1,1.366728
716,2.4401343,1,2.8111863
717,1.2899868,1,1.3507129
718,2.1701026,1,2.3246822
719,2.0922866,0,1.8049502
720,1.7885967,1,1.60745
721,2.2697108,0,2.1926517
722,2.162709,0,1.9565237
723,1.325178,1,1.3245629
724,1.325178,1,1.3245629
725,2.3896725,0,2.4602852
726,2.042885,2,1.7061859
727,2.461018,1,2.6943111
728,2.0453706,2,1.7095044
729,1.6970263,1,1.3947364
730,2.0800416,2,1.7565539
731,1.299601,1,1.3434407
732,2.0832129,2,1.7605639
733,2.4059021,1,2.5684419
734,2.4868886,1,2.89399
735,2.1428318,2,1.8458915
736,2.0222995,2,1.680114
737,1.2793442,1,1.3588381
738,1.9940178,2,1.6501305
739,1.8558545,1,1.7412317
740,2.4725692,1,2.7216206
741,1.7254096,1,1.47017
742,2.4241576,1,2.6096268
743,1.2757107,1,1.3616204
744,2.1124406,2,1.9490821
745,1.2689155,1,1.3667865
746,2.4069812,0,2.5703936
747,3.2466233,2,3.3477025
748,3.092341,2,3.15618
749,1.3214942,1,1.3272336
750,1.984223,2,1.6518049
751,2.4632638,1,2.8523173
752,1.7276478,1,1.4753753
753,1.276666,1,1.3608882
754,1.9489889,1,1.9183652
755,1.325178,1,1.3245629
756,1.325178,1,1.3245629
757,1.2690489,1,1.3666894
758,2.115895,1,2.2260733
759,3.5390751,2,3.7020044
760,2.176254,2,1.8943744
761,1.7300398,1,1.4809929
762,1.7148626,1,1.4445394
763,2.45719,1,2.8415415
764,2.4527135,1,2.8335872
765,2.075337,1,2.1519697
766,3.1968658,2,3.2863512
767,2.4772651,1,2.8770673
768,2.4145327,1,2.7654307
769,2.3074481,1,2.3542292
770,2.9616683,2,2.990561
771,2.2855864,1,2.533571
772,1.7997952,1,1.6302886
773,2.0810874,1,2.1624963
774,2.5121644,1,2.9379084
775,2.0234156,2,1.7601093
776,2.001567,2,1.7066001
777,3.0583735,2,3.1134605
778,2.4359183,0,2.586215
779,1.8518479,1,1.7334473
780,2.2818928,2,2.0508254
781,2.3665247,1,2.6792903
782,2.1770709,1,2.3373284
783,2.0387025,0,1.6933839
784,2.1726265,1,2.3292627
785,2.2418067,0,2.3383307
786,2.5343106,1,2.8731942
787,2.2046988,1,2.3874083
788,1.9686543,1,1.9550934
789,2.1722307,1,2.3285456
790,2.357095,1,2.6623394
791,2.5586355,1,3.0142744
792,2.5744097,2,2.4736567
793,2.1027887,2,1.9290576
794,2.5658402,1,2.9583929
795,1.9805347,2,1.6436341
796,1.6984593,1,1.3971071
797,2.363714,0,2.4023366
798,1.6539471,0,1.2112044
799,2.1139586,0,1.8511233
800,1.3251785,1,1.324563
801,1.325178,1,1.3245629
802,1.325178,1,1.3245629
803,1.2689579,1,1.3667556
804,1.962832,1,1.9442389
805,3.592013,2,3.7652254
806,3.299514,2,3.4125304
807,1.268915,1,1.3667878
808,2.5849047,1,3.019049
809,2.9174654,2,2.9336991
810,2.7467778,2,2.7093453
811,2.2361348,0,2.328765
812,2.3751013,1,2.5001955
813,1.3488064,1,1.3078653
814,2.3569233,1,2.460513
815,2.0723348,1,2.1464713
816,2.2643564,0,2.3748183
817,2.1131558,2,1.8028667
818,2.0514534,2,1.8200457
819,2.0153692,2,1.7405052
820,2.442263,2,2.285916
821,3.4621375,2,3.6096885
822,2.1091633,2,1.9415758
823,2.190777,0,2.2530608
824,1.7225981,1,1.4634732
825,1.9186839,1,1.861384
826,1.7538861,1,1.5343537
827,2.442578,1,2.8155425
828,2.298716,1,2.5572436
829,1.268915,1,1.3667878
830,2.584545,1,3.0171745
831,2.129879,0,1.885334
832,1.8042217,1,1.5630008
833,2.0469284,1,2.09986
834,2.2529125,0,2.356291
835,2.2188728,0,2.3000169
836,2.409287,0,2.571931
837,1.268915,1,1.3667878
838,2.0569665,1,2.020264
839,1.325178,1,1.3245629
840,1.325178,1,1.3245629
841,1.2689549,1,1.3667576
842,2.5611103,2,2.4550433
843,3.2540362,2,3.3568115
844,2.5353932,1,2.8758907
845,2.6543787,2,2.5842552
846,2.056166,1,2.1168242
847,2.0428238,0,1.7018046
848,2.5585465,1,2.937748
849,1.8959073,1,1.8181912
850,2.589098,1,3.0408697
851,2.34408,1,2.6389332
852,2.1871834,1,2.3556695
853,2.0222614,2,1.7570789
854,2.5629444,1,2.949925
855,2.3623016,1,2.6717
856,1.9117006,1,1.8481781
857,2.1422548,1,2.2740798
858,1.2696117,1,1.3662703
859,2.5691917,1,3.0296583
860,2.0614374,2,1.841518
861,2.3065133,1,2.571294
862,1.6955134,1,1.3871814
863,2.2376366,0,2.331572
864,1.6014442,0,1.2055947
865,2.1903255,0,2.016974
866,1.557284,0,1.2098604
867,1.7186553,1,1.4539216
868,2.7870367,2,2.7630038
869,2.6083233,2,2.5208344
870,3.1817853,2,3.267684
871,2.1119297,2,1.8009746
872,2.3539295,0,2.5068674
873,1.751602,0,1.2588574
874,1.325178,1,1.3245629
875,1.325178,1,1.3245629
876,1.7109905,0,1.2326475
877,2.556724,1,2.932555
878,1.325178,1,1.3245629
879,1.325178,1,1.3245629
880,1.325178,1,1.3245629
881,1.2689579,1,1.3667556
882,1.2689232,1,1.3667821
883,2.4381185,2,2.279904
884,3.475566,2,3.6258416
885,2.2697194,2,2.0326033
886,3.2899806,2,3.4008715
887,2.0958612,1,2.1895087
888,1.8986659,1,1.7342978
889,2.091339,2,1.7718072
890,2.333991,1,2.410893
891,1.268915,1,1.3667878
892,1.7065802,1,1.3956217
893,1.817778,1,1.6664169
894,3.1011426,2,3.1672153
895,2.4744947,1,2.872182
896,1.9709495,1,1.9593706
897,2.39876,0,2.4805684
898,1.7012256,1,1.4079878
899,2.5830936,1,3.011653
900,1.7661636,1,1.5606868
901,1.9582545,1,1.9356924
902,1.7874099,1,1.6050117
903,1.268915,1,1.3667878
904,1.9298576,1,1.791857
905,2.2543454,0,2.3580453
906,1.8032469,1,1.6372722
907,1.325178,1,1.3245629
908,2.3423703,1,2.6358547
909,1.2689158,1,1.3667866
910,1.6973339,1,1.3895837
911,1.412495,1,1.2673438
912,2.2215104,1,2.417838
913,1.4576266,1,1.2434977
914,1.8459661,1,1.7219853
915,1.268915,1,1.3667878
916,2.0156062,1,1.9453698
917,1.6944331,1,1.3849618
918,1.6979376,1,1.3971708
919,1.2871302,1,1.3528877
920,1.5566305,0,1.2099786
921,1.325178,1,1.3245629
922,1.325178,1,1.3245629
923,1.2689215,1,1.3667836
924,3.41233,2,3.5496192
925,3.6067092,2,3.7827384
926,1.9865566,2,1.6505325
927,2.5953496,2,2.5028343
928,3.7854106,2,3.9946198
929,2.975931,2,3.0088153
930,2.194242,2,1.9206597
931,2.3926058,1,2.5387945
932,1.915923,0,1.462446
933,1.9031628,1,1.7415357
934,1.9329337,1,1.88824
935,2.151344,1,2.2906075
936,2.3632252,1,2.6733608
937,2.0093017,2,1.726372
938,2.1684976,1,2.3217685
939,2.0275567,1,2.0642092
940,2.0955868,2,1.9129245
941,1.6969513,1,1.3891209
942,2.3657434,0,2.5223424
943,1.7221282,1,1.418428
944,1.325178,1,1.3245629
945,2.3423703,1,2.6358547
946,2.1327746,2,1.9902849
947,2.0717077,2,1.7445691
948,2.0437841,2,1.7072222
949,2.5887985,1,3.0450432
950,1.710048,1,1.3982986
951,2.167403,2,2.0617692
952,1.2689453,1,1.3667655
953,2.2601995,0,2.3676906
954,2.3697708,2,2.180357
955,2.4113512,1,2.759732
956,1.9862374,1,1.9877957
957,1.6967672,1,1.3909816
958,1.325178,1,1.3245629
959,1.3251785,1,1.324563
960,1.30333,1,1.3406425
961,2.2615206,1,2.4901474
962,1.3392378,1,1.3145323
963,2.065319,0,1.7482741
964,2.69827,2,2.6440225
965,1.9935321,2,1.6856384
966,1.746287,1,1.5177155
967,1.9952065,2,1.652478
968,2.2748792,0,2.204204
969,1.9555503,1,1.9306393
970,1.278843,1,1.359221
971,2.407725,1,2.7532365
972,2.430909,2,2.2694669
973,2.2063258,1,2.3903534
974,1.985865,2,1.6515248
975,2.5519316,1,2.9195213
976,1.268915,1,1.3667878
977,1.2736629,1,1.3631886
978,1.2689819,1,1.3667388
979,1.9173807,1,1.858922
980,1.2689158,1,1.3667866
981,2.2697465,0,2.1927304
982,1.9912589,2,1.6793636
983,2.0830328,2,1.7601731
984,2.9609787,2,2.9896798
985,2.1005507,1,2.1980736
986,3.010802,2,3.053251
987,1.9788758,1,1.9741188
988,2.5166118,1,2.945528
989,3.7391064,2,3.939866
990,2.0059547,2,1.6617844
991,1.998506,2,1.6551838
992,2.4022563,1,2.7434351
993,2.0746038,1,2.1506257
994,2.4543514,2,2.3033605
995,2.0582116,2,1.8342817
996,2.8533084,2,2.8503056
997,2.0292494,1,2.0673292
998,2.3119397,1,2.363688
999,2.1617637,1,2.3095407
1000,2.6012902,2,2.5110843
1001,2.1388915,2,2.002831
1002,2.0529695,1,2.1109564
1003,2.4538333,1,2.8355775
1004,2.584841,1,3.018248
1005,3.7432535,2,3.9447727
1006,2.5888643,1,3.044398
1007,2.0661037,2,1.7369633
1008,3.04915,2,3.1018233
1009,1.9861612,2,1.6555043
1010,2.4788487,2,2.3385043
1011,2.003857,2,1.712668
1012,1.901526,1,1.8288795
1013,2.3907616,0,2.5524778
1014,2.2556942,0,2.360268
1015,2.399725,0,2.5620863
1016,1.7687191,1,1.5660931
1017,2.3907616,0,2.5524778
1018,1.6946602,1,1.3865137
1019,1.3835157,1,1.2848889
1021,2.2231143,2,1.9631965
1023,2.4548435,1,2.6799655
1025,2.9893308,2,3.0259209
1027,1.9577637,1,1.9347761
1029,2.0340643,2,1.6947778
1031,2.3975315,1,2.54984
1033,2.303109,0,2.267088
1035,2.386156,1,2.7145493
1037,1.9564035,1,1.9322354
1039,1.8779784,1,1.7839193
1041,2.0983934,0,2.09375
1043,2.5652082,1,2.9563375
1045,1.3722836,1,1.2921045
1047,2.464349,2,2.31774
1049,1.2741196,1,1.3628384
1051,2.2672222,1,2.269074
1053,2.0443017,1,1.9963609
1055,2.2927694,2,2.0670218
1057,2.517141,2,2.3930607
1059,1.7009759,1,1.3907933
1061,2.3476906,0,2.3666005
1063,2.4709423,1,2.8659086
1065,1.7021246,1,1.4109082
1067,2.4383585,1,2.8080177
1069,2.1449294,1,2.2789445
1071,2.0760448,0,1.7707015
1073,3.079078,2,3.1395254
1075,2.0019999,1,1.9197726
1077,2.7042606,2,2.6521304
1079,2.5592875,1,3.0152643
1081,2.04439,2,1.7080555
1083,1.8888155,0,1.4188354
1085,2.5844376,1,3.0165856
1087,1.8895273,1,1.7157524
1089,1.7944955,1,1.619517
1091,2.570124,1,3.0309253
1093,2.3403509,1,2.6322236
1095,2.4899688,1,2.8993833
1097,1.703772,1,1.4151527
1099,1.718968,0,1.2370489
1101,2.5130794,1,2.9394336
1103,2.2298772,1,2.4329715
1105,2.0449152,2,1.7092288
1107,2.0019999,1,1.9197726
1109,2.1634696,1,2.3126383
1111,3.0557134,2,3.1101062
1113,2.2487733,1,2.2305362
1115,1.8952658,0,1.4289018
1117,2.2017941,1,2.382147
1119,2.4002495,1,2.7398357
1121,1.9896524,2,1.6794255
1123,1.9510272,0,1.5235839
1125,1.325178,1,1.3245629
1127,1.325178,1,1.3245629
1129,1.5223767,0,1.2182212
1131,2.002772,2,1.7099577
1132,2.4898977,1,2.7628593
1133,2.2259998,2,1.9677722
1134,1.698079,1,1.3942034
1135,2.0427055,2,1.7060875
1136,1.9858654,2,1.6475344
1137,2.055687,2,1.7229817
1138,2.0239654,2,1.682231
1139,1.9348012,1,1.8917518
1140,1.7246473,1,1.4254525
1141,1.9825386,1,1.9809268
1142,2.3044162,1,2.5675166
1143,2.1802914,1,2.343171
1144,2.5890386,1,3.0401244
1145,2.5890248,1,3.0413737
1146,2.4688222,1,2.8621585
1147,2.5884898,1,3.0458975
1148,2.050549,2,1.8186066
1149,2.24224,0,2.3388572
1150,2.5871065,1,3.0276995
1151,2.5706978,1,3.0317051
1152,2.4954727,1,2.908999
1153,2.7819517,2,2.7562523
1154,2.1825757,1,2.3473127
1155,2.0534065,2,1.8248057
1156,1.7575082,1,1.5421878
1157,2.1683965,1,2.3215847
1158,2.5889752,1,3.0433285
1159,2.340498,1,2.4251544
1160,2.0358229,1,2.0794353
1161,1.5290183,0,1.2163196
1162,1.6450287,0,1.2093546
1163,1.325178,1,1.3245629
1164,1.325178,1,1.3245629
1165,1.2689579,1,1.3667556
1167,1.9951171,2,1.6520951
1169,1.2733094,1,1.363458
1171,2.132371,1,2.2560928
1173,2.2665114,0,2.185524
1175,1.7215137,0,1.2385294
1177,2.550209,1,3.0012217
1179,1.2689899,1,1.3667318
1181,1.268915,1,1.3667878
1183,2.4923882,1,2.903616
1185,2.5046122,1,2.924883
1187,1.9905332,1,1.9957671
1189,2.2059274,2,2.1413796
1191,2.2210062,2,1.9601026
1193,2.949751,2,2.975277
1195,2.5639176,1,2.952563
1197,1.8091153,0,1.3126314
1199,1.830138,1,1.6909231
1201,1.3068954,1,1.3379823
1203,2.3390834,1,2.4227095
1205,2.371198,1,2.4916527
1207,2.0328975,2,1.7804823
1209,2.5598812,1,3.0161889
1211,2.119116,2,1.9619951
1213,2.2295415,2,2.1904001
1215,1.7105455,1,1.4334381
1217,1.9766546,1,1.9699883
1219,2.971595,2,3.0032697
1221,1.7059529,1,1.421442
1223,2.0557516,1,2.116063
1225,2.3955405,0,2.473388
1227,2.397754,2,2.2213657
1229,2.573012,1,3.0347488
1231,1.7043598,1,1.392574
1233,1.2737249,1,1.3631403
1235,1.325178,1,1.3245629
1237,1.325178,1,1.3245629
1239,1.325178,1,1.3245629
1241,1.2862686,1,1.3535427
1242,2.2349408,2,2.2018301
1243,1.7627105,1,1.486074
1244,2.2071009,1,2.3917572
1245,1.8377966,1,1.7059941
1246,2.4047313,1,2.7478704
1247,2.0217586,1,2.053518
1248,2.4827611,1,2.8867412
1249,2.284137,1,2.530958
1250,1.2689245,1,1.3667806
1251,2.5716996,1,3.03304
1252,2.4884431,1,2.75985
1253,2.5889928,1,3.0388231
1254,1.8979794,1,1.8221349
1255,2.5191453,1,2.94985
1256,2.1597319,1,2.3058493
1257,2.1814568,1,2.345284
1258,2.231217,0,2.1071901
1259,1.325178,1,1.3245629
1260,1.325178,1,1.3245629
1261,3.7292843,2,3.9282436
1263,2.1830864,2,1.9044945
1265,3.0501637,2,3.1031024
1267,2.433017,1,2.6299238
1269,1.9864063,2,1.6571426
1271,1.989145,2,1.6773105
1273,2.044133,2,1.7077956
1275,1.9908665,2,1.645863
1277,2.2506976,0,2.150362
1279,2.492284,1,2.9034243
1281,2.0007732,2,1.6560552
1283,1.979808,2,1.6530186
1285,2.4413068,1,2.6487226
1287,2.0936413,2,1.90957
1289,2.5266964,2,2.4065843
1291,2.9800484,2,3.0140736
1293,2.3566277,2,2.1610143
1295,2.1992598,1,2.3775554
1297,2.1217499,0,2.134698
1299,1.7258903,1,1.4713036
1301,1.9020205,1,1.8298182
1303,1.7593304,1,1.5461063
1305,1.897602,1,1.821416
1307,2.1606405,2,1.8713708
1309,2.397764,0,2.4782476
1311,2.5829587,1,3.0455241
1313,2.3045437,2,2.0842667
1315,2.3709404,1,2.4929426
1317,1.882413,1,1.7924204
1319,1.702124,1,1.3991649
1321,1.325178,1,1.3245629
1323,1.325178,1,1.3245629
1325,2.141797,2,1.8437147
1326,2.1315947,2,1.8292842
1327,3.5929987,2,3.7664003
1328,2.5408762,2,2.4266047
1329,1.3035338,1,1.340492
1330,2.305126,0,2.4374437
1331,1.8600595,1,1.6618155
1332,2.3739765,0,2.5332007
1333,2.58877,1,3.0375228
1334,3.2013423,2,3.2918866
1335,2.1625369,2,1.8747888
1336,2.0950847,2,1.777883
1337,3.1706035,2,3.253816
1338,2.042491,2,1.7059809
1339,2.065483,1,2.1339154
1340,1.3981067,1,1.2758536
1341,1.2690347,1,1.366699
1342,2.1838093,1,2.349553
1343,1.9865749,1,1.8928783
1344,2.3575964,1,2.66324
1345,1.8889792,1,1.804978
1346,2.3251274,1,2.604821
1347,2.7370446,2,2.6962972
1348,2.0453494,2,1.8076775
1349,2.4654346,1,2.8561697
1350,2.4649522,1,2.855316
1351,1.3188016,1,1.3291987
1352,2.1447759,0,1.9175429
1353,1.325178,1,1.3245629
1354,1.325178,1,1.3245629
1355,1.268934,1,1.3667738
1357,2.5240977,2,2.4029148
1359,2.007666,2,1.6637448
1361,2.8950706,2,2.9047089
1363,2.208904,2,1.9428933
1365,2.2033703,0,2.0456634
1367,1.792496,1,1.6154362
1369,1.861287,1,1.7517593
1371,1.3052703,1,1.3391931
1373,2.429649,2,2.267686
1375,2.2705016,1,2.5063574
1377,2.5698457,1,2.969741
1379,2.5165482,1,2.9454162
1381,2.5858514,1,3.022585
1383,3.0350664,2,3.0840182
1385,3.3048356,2,3.419026
1387,2.629173,2,2.5496411
1389,2.0549762,1,2.0226064
1391,2.3008277,1,2.3401492
1393,2.34246,2,2.1402278
1395,1.714098,1,1.4099193
1397,2.175202,2,1.8937826
1399,2.967244,2,2.9977055
1401,3.1262317,2,3.1985922
1403,2.285995,1,2.534311
1405,3.1822507,2,3.26826
1407,2.5889084,1,3.0381298
1409,1.9089857,1,1.8430359
1411,1.7227172,1,1.4637268
1413,1.7915269,0,1.2940886
1415,1.325178,1,1.3245629
1417,1.325178,1,1.3245629
1419,1.7524585,1,1.4689054
1421,2.975053,2,3.0076938
1423,2.3702638,1,2.4895322
1425,2.4057639,1,2.7497206
1427,1.2689202,1,1.366783
1429,3.1661813,2,3.2483284
1431,2.0036073,1,1.9233975
1433,2.2208705,1,2.4166803
1435,1.8418659,1,1.6295643
1437,2.2083511,1,2.3940206
1439,2.1636424,2,1.875767
1441,1.8344641,1,1.6994461
1443,2.082214,1,2.1645577
1445,2.195628,1,2.3709753
1447,2.4046044,1,2.5655124
1449,2.0004325,2,1.6549506
1451,2.2135012,1,2.4033446
1453,1.8551302,0,1.3696871
1455,1.7815046,1,1.592826
1457,2.273957,1,2.5125928
1459,2.083552,2,1.7610923
1461,2.6711605,2,2.6071835
1463,1.2692684,1,1.3665264
1465,2.2191272,2,1.9581404
1467,1.8795744,0,1.4047694
1469,2.2932024,0,2.4195251
1471,1.8879699,1,1.8030503
1473,1.9982325,2,1.6542127
1475,2.297312,2,2.0734928
1477,2.130641,2,1.9858608
1479,1.325178,1,1.3245629
1481,1.325178,1,1.3245629
1483,3.2495413,2,3.3512893
1484,3.1439707,2,3.2207088
1485,2.057242,2,1.8321328
1486,3.5072553,2,3.6638894
1487,2.2963567,2,2.0722194
1488,2.6546335,2,2.5846035
1489,2.5738878,1,2.9817252
1490,2.1682343,2,2.063672
1491,1.6957912,1,1.3845992
1492,2.0392175,1,2.0856805
1493,2.252396,1,2.2382154
1494,3.5966864,2,3.7707958
1495,1.68728,0,1.2216449
1496,2.4917305,1,2.9024663
1497,2.311066,1,2.5794966
1498,1.7415075,1,1.5070901
1499,1.9996744,2,1.6558225
1500,1.9842749,2,1.6471426
1501,1.2846648,1,1.3547686
1502,3.8246176,2,4.0409803
1503,1.2697575,1,1.3661602
1504,2.3332014,0,2.3342848
1505,1.7196416,1,1.4563663
1506,3.0152614,2,3.0589151
1507,1.2692696,1,1.3665252
1508,2.4178169,1,2.5953813
1509,1.7627184,1,1.5533583
1510,3.069677,2,3.1277008
1511,2.4280925,1,2.6184993
1512,3.2105386,2,3.3032463
1513,2.361645,2,2.1684508
1514,2.1901934,1,2.361126
1515,1.9195215,1,1.8629657
1516,2.4359014,0,2.5866532
1517,1.4613358,1,1.2417464
1518,2.3406444,0,2.3509078
1519,1.5427929,0,1.2128342
1520,1.3092111,1,1.3362613
1521,1.3099548,1,1.3357108
1522,1.3234066,1,1.3258462
1523,1.325178,1,1.3245629
1524,1.325178,1,1.3245629
1525,1.2837436,1,1.3554723
1526,3.206442,2,3.2981877
1527,2.5776255,2,2.478148
1528,1.2837151,1,1.355495
1529,2.3809333,1,2.705173
1530,2.432243,2,2.2714195
1531,3.3989651,2,3.533456
1532,1.2710028,1,1.3652158
1533,2.5639155,1,3.0221386
1534,2.2968667,2,2.0727673
1535,1.9861802,2,1.6473038
1536,1.3292254,1,1.3216486
1537,2.565646,1,2.9575791
1538,2.0079238,2,1.7234211
1539,1.9857377,2,1.6451101
1540,2.7087867,2,2.6582475
1541,1.9901611,2,1.6793888
1542,1.2736849,1,1.3631718
1543,1.8549309,1,1.7394389
1544,2.0414283,1,2.0897467
1545,2.5872355,1,3.0282085
1546,2.2652555,1,2.4968894
1547,2.0029883,2,1.711128
1548,2.5835912,1,3.013503
1549,2.0548666,1,2.1144392
1550,2.3270633,0,2.32054
1551,1.83817,1,1.7067274
1552,1.322629,1,1.3264093
1553,1.7036793,1,1.4151211
1554,1.2886237,1,1.3517491
1555,3.4442718,2,3.5881705
1556,2.285257,1,2.5329776
1557,2.5801604,1,3.0431285
1558,1.325178,1,1.3245629
1559,1.325178,1,1.3245629
1560,1.325178,1,1.3245629
1561,1.3001969,1,1.3429933
1562,1.2692053,1,1.3665735
1563,2.9550736,2,2.982109
1564,2.0622025,1,2.1279
1565,3.786987,2,3.9964843
1566,3.4856493,2,3.6379604
1567,2.1895807,2,2.107571
1568,3.0330732,2,3.081496
1569,1.994374,2,1.6508725
1570,2.096804,1,2.1912308
1571,2.2362392,1,2.4444747
1572,2.1574645,1,2.301731
1573,1.2689396,1,1.3667691
1574,2.552355,2,2.442758
1575,2.2537336,0,2.3575773
1576,1.8611091,0,1.377975
1577,2.7275736,2,2.6835737
1578,2.3216672,1,2.5985913
1579,2.4795377,1,2.8810716
1580,2.5076668,1,2.9301608
1581,2.2143316,2,2.1588302
1582,2.221786,1,2.4183378
1583,2.0868661,0,1.7934839
1584,1.9962462,2,1.6933782
1585,3.535404,2,3.6976137
1586,1.7335727,1,1.4891305
1587,2.415147,2,2.24661
1588,1.7010838,1,1.4067768
1589,2.4755247,2,2.3337498
1590,1.7465905,1,1.5183866
1591,2.0792043,1,2.1590488
1592,1.7053529,1,1.3970853
1593,1.325178,1,1.3245629
1594,1.325178,1,1.3245629
1595,1.2709465,1,1.3652592
1596,2.4768348,2,2.335619
1597,2.0101523,2,1.7296832
1598,1.7627105,1,1.4860739
1599,2.208884,2,1.9427104
1600,2.5272443,1,2.9635634
1601,2.5771964,1,3.0399086
1602,2.5857255,1,3.0217152
1603,2.5125372,2,2.3865235
1604,2.3158836,1,2.3720286
1605,2.576519,1,2.989912
1606,2.451078,1,2.8306775
1607,1.7045164,1,1.4172888
1608,2.5824642,1,3.0452237
1609,1.9844939,2,1.6552038
1610,2.5563133,2,2.448317
1611,2.4007304,2,2.2256196
1612,2.488785,2,2.3527055
1613,2.353012,1,2.4519923
1614,2.5683272,1,3.028469
1615,2.2899053,2,2.0626092
1616,2.2199209,2,1.9585643
1617,2.5837696,1,3.0461254
1618,2.5114896,1,2.8154907
1619,2.5623178,1,3.0197525
1620,2.549576,1,3.0002103
1621,2.5889325,1,3.0439272
1622,2.3432443,1,2.637428
1623,2.5464897,2,2.4345136
1624,1.2757452,1,1.3615942
1625,2.571562,1,2.9751678
1626,2.4180954,0,2.524135
1627,2.000728,0,1.6174002
1628,1.325178,1,1.3245629
1629,1.3251785,1,1.324563
1630,1.3251785,1,1.324563
1631,1.269462,1,1.3663822
1632,2.1597073,2,1.8711238
1633,1.8681688,1,1.765052
1634,2.491698,1,2.767233
1635,1.7121882,1,1.437689
1636,2.4029498,1,2.7446787
1637,1.7404734,1,1.5047673
1638,2.5282338,1,2.8576207
1639,1.7366441,1,1.4961247
1640,3.3276937,2,3.4469163
1641,2.0229993,2,1.6810129
1642,1.997888,2,1.6543791
1643,2.465026,2,2.3186965
1644,2.5865977,1,3.0473218
1645,2.2568436,0,2.3640337
1646,2.4810069,2,2.341595
1647,1.9590021,1,1.9370904
1648,2.2839718,1,2.5306592
1649,1.9295708,1,1.8819147
1650,1.9898885,2,1.6485542
1651,1.7333074,1,1.4885185
1652,2.2749355,2,2.0403938
1653,3.4529672,2,3.5986464
1654,2.9913747,2,3.0285277
1655,1.708623,1,1.4025037
1656,2.437493,0,2.5835285
1657,1.9079555,1,1.8410825
1658,2.3100667,0,2.4452193
1659,2.0253813,1,2.0602005
1660,1.7013352,1,1.4066551
1661,1.7287658,1,1.4321605
1662,2.5129142,1,2.8191557
1663,1.8317825,1,1.6941662
1664,1.4831492,1,1.2321575
1665,2.0118952,0,1.6394166
1666,1.325178,1,1.3245629
1667,1.325178,1,1.3245629
1668,1.325178,1,1.3245629
1669,2.0339038,1,2.0759006
1670,2.0256252,2,1.6842207
1671,2.2488225,1,2.2309933
1672,1.9852558,2,1.6578159
1673,2.3107717,1,2.578967
1674,3.218733,2,3.3133574
1675,2.521919,1,2.9545805
1676,1.9804674,2,1.6614823
1677,2.5690405,1,3.029348
1678,3.2227209,2,3.3182743
1679,2.1097586,2,1.9441924
1680,2.0453527,1,2.096966
1681,2.075549,2,1.8716403
1682,2.0303392,1,2.069337
1683,2.4252055,1,2.7844698
1684,2.2831268,1,2.529136
1685,2.7196157,2,2.6728597
1687,1.268915,1,1.3667878
1689,2.9860551,2,3.0217435
1691,2.3226326,2,2.1110957
1693,2.1197145,2,1.8137536
1695,1.7453204,1,1.5155747
1697,1.283641,1,1.3555511
1699,3.3458965,2,3.4690747
1701,2.052963,2,1.7195684
1703,2.8288968,2,2.8182917
1705,2.1325595,0,2.153662
1707,1.9985892,2,1.700475
1709,2.0401797,1,2.08745
1711,3.0662355,2,3.1233664
1713,2.3465729,2,2.1464658
1715,2.7423627,2,2.7034304
1716,3.5414727,2,3.7048705
1717,2.002944,2,1.6588004
1718,2.994704,2,3.0327702
1719,2.3307226,1,2.6148932
1720,2.443582,1,2.6542053
1721,2.0410364,1,2.0890267
1722,1.9856113,2,1.6713254
1723,2.3604863,0,2.395161
1724,1.934626,1,1.891421
1725,2.2257898,1,2.42558
1726,1.7791809,1,1.5880063
1727,1.7640331,1,1.5561603
1728,1.7014031,1,1.4039171
1729,2.4483068,1,2.825752
1730,1.8086126,1,1.6480821
1731,2.8959982,2,2.9059122
1732,1.7598261,1,1.5471675
1733,1.8582582,1,1.6659172
1734,1.8379906,1,1.7063811
1735,2.2792847,0,2.2139778
1736,2.214724,2,2.1606338
1737,2.5889966,1,3.0399063
1738,1.7111114,1,1.4323736
1739,1.9838816,2,1.6533968
1740,2.584775,1,3.01901
1741,2.4311378,2,2.2698448
1742,2.434016,1,2.6324055
1743,3.1845138,2,3.27106
1744,2.1196475,1,2.2329254
1745,1.5526692,0,1.2107278
1746,2.3738143,0,2.424926
1747,1.325178,1,1.3245629
1748,1.325178,1,1.3245629
1749,2.5873187,1,3.0471807
1750,2.4774458,2,2.3364844
1751,2.9588904,2,2.9870045
1752,3.3378737,2,3.4593153
1753,1.9883424,2,1.6697576
1754,2.5182989,2,2.3946948
1755,2.0195577,2,1.6770301
1756,2.7985966,2,2.7783217
1757,2.486704,1,2.8936634
1758,2.2723515,2,2.036371
1759,1.9269568,1,1.8769897
1760,1.7875153,1,1.5299015
1761,1.2689453,1,1.3667655
1762,2.1168087,0,2.1264713
1763,2.4654293,1,2.856155
1764,2.5578353,1,3.013089
1765,1.268915,1,1.3667878
1766,1.2787955,1,1.3592576
1767,2.4717343,2,2.328309
1768,2.0127466,2,1.6691905
1769,1.2689358,1,1.3667724
1770,2.1698017,1,2.3241353
1771,2.0475175,1,2.1009417
1772,2.3335729,2,2.127097
1773,1.3251785,1,1.324563
1774,1.325178,1,1.3245629
1775,1.2689819,1,1.3667388
1776,1.6528214,0,1.2109493
1777,1.2689294,1,1.3667784
1778,3.8084614,2,4.0218706
1779,2.381616,2,2.1977353
1780,1.2740618,1,1.362883
1781,2.4309204,1,2.6250746
1782,2.5690258,1,2.9672651
1783,2.1404364,2,2.0072522
1784,2.4052377,1,2.5669465
1785,2.4190724,0,2.5259407
1786,1.7486391,1,1.5228969
1787,1.8597478,1,1.7487799
1788,2.3790517,1,2.7017944
1789,1.7120544,1,1.4057078
1790,1.8191751,1,1.6692004
1791,1.7033336,1,1.3972744
1792,2.4607406,1,2.6936986
1793,2.3805058,0,2.4397871
1794,1.2689521,1,1.3667605
1795,3.7814233,2,3.989905
1796,1.9871804,2,1.6470838
1797,2.2888117,1,2.5393894
1798,2.3122714,2,2.095697
1799,1.8825445,1,1.7926738
1800,1.6974946,1,1.3948513
1801,2.1636925,1,2.313044
1802,1.8476919,1,1.7253516
1803,2.4337652,0,2.588151
1804,2.06967,1,2.0413744
1805,2.1100438,0,1.842741
1806,1.7775768,0,1.2806958
1807,2.1542246,0,1.9380586
1808,1.325178,1,1.3245629
1809,1.325178,1,1.3245629
1810,1.6951584,1,1.3856543
1811,2.0656128,0,1.7489057
1812,1.6038795,0,1.2055854
1813,1.2965802,1,1.3457167
1814,1.2965802,1,1.3457167
1815,1.3092111,1,1.3362613
1816,1.325178,1,1.3245629
1817,1.325178,1,1.3245629
1818,1.2719425,1,1.3645022
1819,1.3092111,1,1.3362613
1820,1.7588447,0,1.2645432
1821,1.3092111,1,1.3362613
1822,2.433196,0,2.586803
1823,1.3092111,1,1.3362613
1824,1.2933602,1,1.3481535
1825,1.7076484,0,1.2309098
1826,1.68638,0,1.2212871
1827,2.3839695,0,2.4475553
1828,1.2699348,1,1.3660254
1829,1.2689202,1,1.3667847
1830,1.26892,1,1.3667837
1831,2.1030447,1,2.202628
1832,2.4270957,1,2.7879047
1833,2.0842,2,1.8892467
1834,1.9129521,1,1.7591796
1835,2.3762448,0,2.4303305
1836,1.271626,1,1.3647431
1837,1.2689341,1,1.3667724
1839,3.3801672,2,3.510688
1841,2.3665345,0,2.408667
1843,2.4541035,1,2.8360584
1845,2.5831318,1,3.045782
1847,2.3029366,2,2.081792
1849,2.128577,2,1.981614
1851,2.3403757,1,2.6322677
1853,2.0338416,2,1.6944883
1855,1.7040809,1,1.4164367
1857,2.4071667,0,2.5701222
1859,1.697461,1,1.3961226
1861,1.7791587,1,1.5879592
1863,1.7960769,1,1.6227367
1865,1.2689157,1,1.3667865
1867,2.175011,0,2.2263792
1869,2.069585,1,2.0418048
1871,1.2689131,1,1.3667893
1873,2.0758073,1,2.1528308
1875,2.4751863,1,2.8734019
1877,1.7280384,1,1.4763463
1879,2.0765066,1,2.154112
1881,2.3591094,0,2.392105
1883,1.468684,1,1.2383809
1885,2.1571333,0,2.1960368
1886,1.2689579,1,1.3667556
1887,1.3848454,1,1.2840478
1888,2.731767,2,2.68921
1889,2.6353185,2,2.558096
1890,3.2140973,2,3.3076403
1891,2.0440764,2,1.7075906
1892,1.7152355,1,1.4071224
1893,1.7342046,1,1.4394743
1894,1.7063178,1,1.3946898
1895,1.9888746,2,1.6484883
1896,2.2219281,1,2.418594
1897,2.5879223,1,3.0463867
1898,1.894621,1,1.8157405
1899,2.0592284,2,1.7282064
1900,2.4440556,1,2.8181748
1901,2.3719835,1,2.6891003
1902,2.4163795,0,2.520189
1903,2.0817146,0,1.7826189
1904,1.325178,1,1.3245629
1905,2.3423703,1,2.6358547
1906,1.8326695,0,1.3403213
1907,2.073084,0,2.048025
1908,2.4494336,1,2.827752
1909,1.9739084,1,1.9648789
1910,1.996545,2,1.6534429
1911,1.9981977,2,1.7023575
1912,2.670026,2,2.6056368
1913,2.1951172,1,2.3700502
1914,1.3891325,1,1.2813641
1915,1.4393936,1,1.252582
1916,1.325178,1,1.3245629
1917,1.325178,1,1.3245629
1918,1.325178,1,1.3245629
1919,1.4293545,1,1.2579076
1920,2.5134609,2,2.3878345
1921,2.5904517,2,2.4960225
1922,1.9898795,2,1.6496694
1923,2.642596,2,2.5680985
1924,1.2689612,1,1.3667532
1925,2.199349,2,2.1279347
1926,2.3072999,0,2.2764375
1927,1.7141932,1,1.4428073
1928,1.8852048,1,1.7977644
1929,2.4658554,1,2.705696
1930,2.5749907,1,3.0372777
1931,2.0936053,1,2.1853871
1932,1.4431652,1,1.2506381
1933,2.0797288,2,1.8808198
1934,2.7202656,2,2.6737366
1935,2.029563,2,1.6891327
1936,1.2691422,1,1.3666197
1937,3.2671704,2,3.3729315
1938,3.2233284,2,3.3190265
1939,2.3872645,2,2.2060285
1940,3.5377176,2,3.7003794
1941,1.7000154,1,1.3898194
1942,1.2689384,1,1.3667703
1943,2.1573336,1,2.301493
1944,2.3315723,1,2.6164246
1945,1.9916776,2,1.6816221
1946,1.9544892,0,1.5298661
1947,2.0268917,1,1.9669957
1948,1.2689131,1,1.3667891
1949,1.7763411,1,1.5820916
1950,1.8126096,0,1.3165333
1951,2.4335265,0,2.5867581
1952,1.8693048,1,1.6776608
1953,1.6030978,0,1.2055852
1954,1.325178,1,1.3245629
1955,1.325178,1,1.3245629
1956,1.3251785,1,1.324563
1957,1.2704638,1,1.3656254
1958,2.6313155,2,2.5525885
1959,2.5574315,2,2.4498868
1960,2.125613,2,1.8207921
1961,1.9427987,1,1.9067658
1962,2.0702074,2,1.8600178
1963,2.6286733,2,2.5489478
1964,1.9271374,1,1.7859516
1965,2.4137688,0,2.5141256
1966,1.9317447,1,1.8860039
1967,1.7778126,1,1.5851592
1968,2.0751925,1,2.1517053
1969,1.699866,1,1.402039
1970,2.462547,1,2.8510456
1971,1.743673,1,1.5119147
1972,1.7052354,1,1.4175087
1973,2.3917043,1,2.7245102
1974,1.8598164,1,1.6641272
1975,2.3017128,1,2.5626445
1976,2.5600126,1,3.0163403
1977,2.1161005,1,2.2264473
1978,1.9869322,2,1.6505662
1979,2.3169498,1,2.5900965
1980,2.4558513,2,2.3055696
1981,2.3512294,1,2.6517916
1982,2.0720253,2,1.745635
1983,2.3846545,1,2.711856
1984,2.126696,1,2.2457573
1985,1.7025661,1,1.3944547
1986,2.1484318,0,2.181319
1987,2.1542485,0,1.9381146
1988,1.3251785,1,1.324563
1989,1.3251785,1,1.324563
1990,1.2689579,1,1.3667556
1991,1.2825378,1,1.3563932
1992,3.774332,2,3.9815254
1993,3.6902893,2,3.8820484
1994,3.1377685,2,3.2129827
1995,2.2951195,2,2.070205
1996,2.9738562,2,3.0061636
1997,3.0620964,2,3.118155
1998,2.582475,1,3.0094829
1999,2.1392484,2,1.8401141
2000,2.3298278,1,2.4018586
2001,1.8587859,1,1.7469163
2002,1.7137324,1,1.4418463
2003,2.4042156,0,2.4927096
2004,2.0029848,0,1.621827
2005,2.117317,1,2.228665
2006,3.1817853,2,3.267684
2007,2.1983275,2,1.9268239
2008,1.9999595,2,1.7032471
2009,1.9061608,1,1.7475572
2010,1.268915,1,1.3667878
2011,2.2763147,1,2.2882571
2012,1.268915,1,1.3667878
2013,1.6127893,0,1.2057649
2014,1.8299356,0,1.3369417
2015,2.6236145,2,2.541973
2016,1.2690239,1,1.3667072
2017,2.1546714,0,1.9390306
2018,2.4100406,0,2.5057325
2019,2.4116066,0,2.50936
2020,1.3251785,1,1.324563
2021,1.3251785,1,1.324563
2022,3.530677,2,3.6919527
2023,3.6082442,2,3.784564
2024,2.151384,2,1.857934
2025,1.94367,1,1.8166862
2026,2.9264622,2,2.9453096
2027,2.1145983,2,1.8063602
2028,1.9062241,1,1.8377993
2029,2.4938848,1,2.9062338
2030,1.9843005,2,1.6505497
2031,2.2470183,2,1.999287
2032,2.428089,1,2.7896829
2033,2.588271,1,3.043221
2034,1.9880103,2,1.6468756
2035,1.8218571,1,1.6745327
2036,2.2229612,1,2.4204626
2037,2.4037385,0,2.5679522
2038,2.1536589,1,2.2948148
2039,1.7413235,1,1.5066648
2040,2.3431394,1,2.637239
2041,1.9389116,1,1.8994763
2042,2.5889223,1,3.0442457
2043,1.7590402,1,1.5454814
2044,2.2064734,1,2.3906207
2045,1.9052927,1,1.8360317
2046,1.910161,1,1.8452631
2047,1.72385,1,1.4279816
2048,2.5677092,2,2.4642863
2049,1.8265033,1,1.6837416
2050,1.37758,1,1.2886739
2051,2.438563,0,2.5769646
2052,1.7062835,1,1.4224168
2053,1.705375,1,1.4187269
2054,1.7514085,0,1.25871
2055,2.0118952,0,1.6394166
2056,1.325178,1,1.3245629
2057,1.325178,1,1.3245629
2058,1.3001969,1,1.3429933
2060,1.2689579,1,1.3667556
2062,1.268934,1,1.3667738
2064,3.0565176,2,3.1111205
2066,2.3213618,1,2.5980394
2068,1.7727154,1,1.5745038
2070,2.3200808,0,2.3049772
2072,2.0654612,1,2.1338747
2074,2.0178177,1,2.0462472
2076,1.2689148,1,1.3667876
2078,1.5522081,0,1.2108184
2080,2.1479416,1,2.284422
2082,2.5110404,2,2.3844008
2084,2.1849236,1,2.351572
2086,2.688532,2,2.6308181
2088,2.0511444,2,1.716968
2090,2.437255,0,2.5741403
2092,2.2516677,0,2.3537173
2094,1.4039437,1,1.2723505
2096,1.9095951,1,1.8441894
2098,2.5882912,1,3.0338693
2100,2.1117527,1,2.218518
2102,2.5592177,1,3.0151875
2104,2.524923,1,2.8491101
2106,1.2739308,1,1.362983
2108,1.2844397,1,1.3549407
2110,1.2689146,1,1.366787
2112,1.2689167,1,1.3667853
2114,2.4755075,1,2.8739693
2116,2.168055,1,2.3209646
2118,2.432199,0,2.5871017
2120,1.325178,1,1.3245629
2122,1.325178,1,1.3245629
2124,1.325178,1,1.3245629
2126,1.4277029,1,1.2588046
2127,3.1796875,2,3.265084
2128,2.4125848,2,2.2429101
2129,3.5993137,2,3.7739263
2130,2.089888,2,1.7702191
2131,2.2113805,1,2.3995059
2132,1.7543173,1,1.5352888
2133,2.115273,1,2.224939
2134,1.7586703,1,1.5446863
2135,2.554498,1,3.0079443
2136,2.548536,1,2.9124174
2137,2.115202,1,2.2248092
2138,2.4387908,1,2.8088408
2139,2.349919,1,2.6494353
2140,1.9776652,1,1.9718698
2141,1.3134173,1,1.3331501
2142,2.4132106,0,2.5125933
2143,2.2308588,1,2.4347482
2144,2.0828001,1,2.1656206
2145,1.8947664,1,1.8160163
2146,1.982399,1,1.9806695
2147,2.128382,1,2.248828
2148,1.7612213,1,1.550158
2149,2.359226,0,2.5140688
2150,1.9709545,1,1.8674123
2151,1.3251785,1,1.324563
2152,2.3423703,1,2.6358547
2153,2.5322354,2,2.4144206
2154,2.2078981,1,2.3932045
2155,2.0027623,2,1.6584892
2156,2.2644627,1,2.4954588
2157,1.2698141,1,1.3661163
2158,1.9858434,1,1.987064
2159,1.325178,1,1.3245629
2160,1.325178,1,1.3245629
2161,1.2726845,1,1.3639364
2162,1.6983225,1,1.3911192
2163,2.1903255,0,2.016974
2164,1.91664,0,1.4636446
2165,1.4772639,1,1.2346225
2166,1.9006187,0,1.4374062
2167,1.4772639,1,1.2346225
2168,2.1903255,0,2.016974
2169,1.325178,1,1.3245629
2170,1.325178,1,1.3245629
2171,1.2689899,1,1.3667318
2173,1.3001969,1,1.3429933
2175,1.2689131,1,1.3667892
2177,1.268934,1,1.3667738
2179,2.2509687,2,2.0047617
2181,2.5319142,2,2.4139616
2183,1.8604547,1,1.7501479
2185,2.583623,1,3.0461283
2187,1.7412013,1,1.506409
2189,2.0404508,1,2.0879495
2191,1.8393846,1,1.7091084
2193,2.423372,0,2.583055
2195,1.6573299,0,1.212007
2197,3.2531462,2,3.355718
2199,2.348438,0,2.3682854
2201,2.0145094,2,1.6712548
2203,1.870826,0,1.3918526
2205,2.5816522,1,3.0444403
2207,2.3767679,0,2.536035
2209,1.9969848,2,1.6953644
2211,2.0265567,2,1.6855524
2213,2.2069087,0,2.0534606
2215,1.2689147,1,1.3667876
2217,2.3719985,1,2.689126
2219,1.3954912,1,1.2774446
2221,1.2728018,1,1.3638458
2223,1.2689899,1,1.3667318
2225,1.8242513,1,1.6792817
2227,1.8527436,1,1.6487429
2229,1.9827646,0,1.5826505
2231,1.325178,1,1.3245629
2233,1.325178,1,1.3245629
2235,1.3001969,1,1.3429933
2237,1.3001969,1,1.3429933
2239,1.8767506,0,1.4005574
2241,2.2572944,2,2.0139604
2243,2.22048,0,2.0834138
2245,1.3116695,1,1.3344392
2247,3.7574124,2,3.9615211
2249,1.4751381,1,1.2355361
2251,2.4031658,0,2.5660183
2253,2.3670278,1,2.482527
2255,2.3572016,2,2.1619275
2257,2.154101,0,1.9378042
2259,1.4685924,1,1.238421
2261,1.2857448,1,1.3539431
2263,1.8504691,1,1.7307643
2265,1.270918,1,1.365281
2267,2.113059,1,2.2209013
2269,1.2689308,1,1.3667768
2271,1.8780012,0,1.4024181
2273,2.439275,1,2.809652
2275,2.4966514,1,2.9110556
2277,2.5878978,1,3.0467808
2279,1.8457122,1,1.7214897
2281,1.2847346,1,1.3547143
2283,1.8752085,1,1.7785984
2285,2.4965484,1,2.7795005
2287,2.4791563,2,2.338938
2289,2.4379327,1,2.6410022
2291,2.1088414,1,2.2132068
2293,1.325178,1,1.3245629
2295,1.325178,1,1.3245629
2297,1.2700115,1,1.3659678
2299,1.5319561,0,1.2155252
2301,1.325178,1,1.3245629
2303,1.325178,1,1.3245629
2305,1.6963032,1,1.3852394
2307,2.6687253,2,2.6038613
2309,1.325178,1,1.3245629
2311,1.325178,1,1.3245629
2313,1.3064959,1,1.3382814
2315,1.6651589,0,1.2140844
2317,1.269002,1,1.3667231
2318,1.866726,0,1.3859365
2319,3.6403165,2,3.822724
2320,1.9270098,1,1.8770902
2321,2.5864122,1,3.047264
2322,1.8925778,1,1.721241
2323,2.495991,1,2.7775435
2324,1.8414265,1,1.7131097
2325,2.781564,2,2.7557378
2326,2.797891,2,2.7773862
2327,3.048013,2,3.1003883
2328,2.2464135,1,2.462862
2329,2.3807952,1,2.704926
2330,1.3697375,1,1.2937689
2331,2.5471053,1,2.9066484
2332,2.1772487,1,2.337651
2333,2.7802284,2,2.7539625
2334,2.182834,2,1.9037347
2335,1.9901978,1,1.9951441
2336,1.6982051,1,1.3980931
2337,2.4992716,2,2.3676748
2338,1.7988104,1,1.5505993
2339,2.0752404,1,2.1517918
2340,2.4840648,2,2.345965
2341,2.6073463,2,2.5194812
2342,2.4077704,1,2.7533174
2343,2.4265249,1,2.7868845
2344,2.9802039,2,3.0142746
2345,2.464453,2,2.3178787
2346,2.1110373,1,2.217214
2347,1.7097133,1,1.4313538
2348,2.4060357,1,2.5687184
2349,2.5320714,1,2.8674538
2350,2.400244,1,2.7398252
2351,2.3974667,0,2.477585
2352,1.7229831,0,1.2394009
2353,2.4118829,0,2.5099714
2354,1.5427929,0,1.2128342
2355,1.3092111,1,1.3362613
2356,1.325178,1,1.3245629
2357,1.325178,1,1.3245629
2358,1.325178,1,1.3245629
2359,1.3001969,1,1.3429933
2360,1.3001969,1,1.3429933
2361,1.2871491,1,1.3528731
2362,2.1171098,2,1.9576054
2363,2.58057,1,3.0435476
2364,3.3335698,2,3.454075
2365,2.1736214,2,1.8903172
2366,3.5691352,2,3.7379313
2367,1.9891429,2,1.6487751
2368,2.596287,2,2.504138
2369,2.4315078,1,2.795789
2370,2.569982,1,3.030731
2371,1.9871248,2,1.6514962
2372,2.1293628,2,1.8259704
2373,2.2640853,1,2.4947774
2374,1.8864015,1,1.8000529
2375,1.325178,1,1.3245629
2376,1.325178,1,1.3245629
2377,1.3001969,1,1.3429933
2379,1.2689345,1,1.3667736
2381,1.9864686,2,1.6485515
2383,2.5116773,1,2.815927
2385,2.5666695,1,3.0261357
2387,1.2890474,1,1.3514262
2389,2.569652,1,3.0302691
2391,2.0049562,2,1.6609931
2393,2.2114522,1,2.399635
2395,1.8770388,1,1.7821164
2397,2.5735538,1,3.0354462
2399,2.43339,0,2.5869114
2401,1.2689131,1,1.3667891
2403,1.9365758,1,1.8950862
2405,2.0040708,1,1.924797
2407,1.7631382,0,1.2680607
2409,1.2689493,1,1.3667622
2411,1.2689899,1,1.3667318
2413,1.3331062,1,1.3188736
2415,1.2689358,1,1.3667724
2417,1.9186798,1,1.8613756
2419,2.482354,1,2.7446668
2421,2.4061239,0,2.4970567
2423,1.325178,1,1.3245629
2425,1.325178,1,1.3245629
2427,1.325178,1,1.3245629
2429,1.325178,1,1.3245629
2431,1.325178,1,1.3245629
2433,1.325178,1,1.3245629
2435,2.5017507,1,2.9199219
2437,1.5889953,0,1.206026
2439,1.2690488,1,1.3666894
2441,2.4258986,1,2.7857642
2443,1.7531828,1,1.532826
2445,2.4461908,1,2.8219786
2447,1.268915,1,1.3667878
2449,1.268913,1,1.3667889
2451,1.6290065,0,1.2069778
2453,1.730465,1,1.4347644
2455,1.2689154,1,1.366786
2457,1.9991778,2,1.6557558
2459,1.325178,1,1.3245629
2461,1.325178,1,1.3245629
2463,1.325178,1,1.3245629
2465,3.5050924,2,3.6612945
2466,3.562235,2,3.7296932
2467,2.38003,2,2.1953773
2468,1.7302303,1,1.481447
2469,2.325174,1,2.3919594
2470,2.223914,2,1.9647884
2471,2.463801,2,2.316913
2472,2.5810661,1,3.004672
2473,2.3625765,2,2.1698155
2474,2.9426143,2,2.9661076
2475,2.1502101,2,2.0262043
2476,1.9430163,1,1.9071748
2477,1.9935114,2,1.6860473
2478,1.3987653,1,1.2754555
2479,1.8801006,1,1.7879896
2480,1.2689131,1,1.3667891
2481,1.8613671,1,1.7519143
2482,2.0815256,2,1.7580396
2483,2.033571,2,1.7808675
2484,2.1416366,2,1.8439586
2485,2.4757407,1,2.729005
2486,1.981846,1,1.9796395
2487,1.9995991,2,1.6557603
2488,2.4619126,1,2.849925
2489,1.6984444,1,1.3889965
2490,1.8113331,1,1.653539
2491,2.2724845,2,2.036545
2492,2.28918,0,2.4135394
2493,2.1376438,2,1.8385847
2494,1.758327,1,1.5439507
2495,2.1876705,1,2.3565512
2496,2.435834,0,2.5863948
2497,2.3124397,1,2.5819712
2498,1.723552,1,1.4657034
2499,2.4197657,1,2.5995808
2500,2.585488,1,3.0470362
2501,2.4617422,2,2.3139658
2502,1.6996757,1,1.3992834
2503,2.3706284,2,2.1817439
2504,2.4438093,1,2.6547604
2505,2.1645885,2,1.877224
2506,2.3624046,0,2.5194485
2507,1.8107024,1,1.5777137
2508,2.359965,1,2.667498
2509,2.3301804,1,2.6139176
2510,2.3087738,1,2.5753675
2511,2.045461,2,1.8073995
2512,2.0803328,2,1.8817036
2513,1.8001922,1,1.6310924
2514,2.268775,0,2.3817358
2515,2.0702205,0,1.7585058
2516,1.6385691,0,1.2082517
2517,1.703015,0,1.2286024
2518,1.7105017,1,1.4334387
2519,1.7050958,1,1.4192274
2520,2.0463533,0,1.7090406
2521,1.3001969,1,1.3429933
2522,1.2689675,1,1.3667492
2523,3.8219368,2,4.037809
2524,3.4216692,2,3.5609014
2525,2.5555282,1,3.0095336
2526,2.1916592,2,2.1120465
2527,1.2800726,1,1.3582798
2528,1.7081622,0,1.2311727
2529,2.0397604,1,2.086679
2530,1.8907284,1,1.8083173
2531,1.7995983,0,1.3023696
2532,1.6788124,0,1.2184504
2533,1.403138,1,1.2728306
2534,2.1903255,0,2.016974
2535,1.325178,1,1.3245629
2536,2.3423703,1,2.6358547
2537,2.0470989,2,1.8100827
2538,2.1802175,2,1.9004395
2539,2.1315744,0,1.8889868
2540,2.437333,0,2.5753071
2541,1.4444569,1,1.2499806
2542,1.7571386,1,1.5413909
2543,2.4687295,1,2.7123828
2545,2.6839006,2,2.624525
2547,3.5425537,2,3.7061648
2549,1.2697685,1,1.3661516
2551,1.7686054,1,1.5658528
2553,2.4367902,0,2.5730965
2555,2.0329425,2,1.6933947
2557,1.7220176,1,1.4621218
2559,2.3701136,1,2.4893498
2561,2.4066126,2,2.2341793
2563,2.1963978,2,2.121635
2565,2.7320464,2,2.6895857
2567,1.9893943,2,1.6763799
2569,2.1305227,2,1.8283145
2571,3.6349006,2,3.8162858
2573,1.9545999,1,1.9288625
2575,2.3774214,1,2.505288
2577,2.4874308,2,2.3507764
2579,2.4782667,1,2.8788319
2581,1.8298658,1,1.6903856
2583,2.1503341,0,1.9295889
2585,2.5146043,1,2.942092
2587,2.1131492,2,1.802896
2589,3.01845,2,3.0629625
2591,2.1271596,2,1.8227
2593,2.6580858,2,2.5893278
2595,1.7901059,1,1.610545
2597,2.2088747,0,2.0578046
2599,1.7759408,1,1.5812552
2601,2.009063,1,1.933403
2603,1.325178,1,1.3245629
2605,1.3001969,1,1.3429933
2606,1.2690558,1,1.366684
2607,2.2978032,1,2.5555983
2608,2.2700999,2,2.0330763
2609,3.0274282,2,3.0743473
2610,2.508105,2,2.3802261
2611,1.985072,2,1.6547858
2612,2.2880857,2,2.0598211
2613,2.595954,2,2.5036728
2614,1.7904139,1,1.611176
2615,1.2689137,1,1.366788
2616,2.586891,1,3.0471973
2617,2.044144,2,1.8036616
2618,2.1553888,2,2.0371609
2619,2.7872868,2,2.7633357
2620,3.6416154,2,3.8242683
2621,2.4615457,2,2.313674
2622,2.2372968,2,1.9846742
2623,1.2689828,1,1.3667377
2624,2.3970644,2,2.2202997
2625,1.9929866,1,1.9038857
2626,2.4351325,1,2.8022609
2627,2.119747,2,1.9632335
2628,2.045869,1,2.0979128
2629,2.0596452,2,1.7281461
2630,2.4738557,1,2.8710535
2631,1.7627105,1,1.486074
2632,2.0030532,2,1.7112589
2633,1.325178,1,1.3245629
2634,2.3423703,1,2.6358547
2635,2.0490186,0,1.7145195
2636,1.7502632,1,1.5264572
2637,1.325178,1,1.3245629
2638,1.325178,1,1.3245629
2639,1.3001969,1,1.3429933
2641,1.3001969,1,1.3429933
2643,1.2691492,1,1.3666152
2645,2.065265,2,1.8492924
2647,2.4607847,1,2.693759
2649,2.5430543,1,2.9897428
2651,2.8739042,2,2.8771932
2653,3.3363717,2,3.457485
2655,2.0908015,1,2.1802619
2657,2.0875397,1,2.1742992
2659,3.6835608,2,3.8740706
2661,2.4898717,1,2.8992112
2663,1.8716199,1,1.7716997
2665,2.5664237,1,3.0257742
2667,2.2503219,1,2.4699223
2669,1.9858197,2,1.6526992
2671,2.5208151,1,2.9526925
2673,2.5608337,1,3.0175838
2675,1.7644808,1,1.5571125
2677,1.9547993,1,1.9292353
2679,1.2816219,1,1.3570938
2681,1.2689358,1,1.3667724
2683,1.268914,1,1.3667884
2685,1.325178,1,1.3245629
2687,1.325178,1,1.3245629
2689,1.325178,1,1.3245629
2691,1.325178,1,1.3245629
2693,1.9971157,2,1.6949246
2695,2.409121,0,2.503824
2697,2.3599017,0,2.5148158
2699,1.2691576,1,1.3666092
2701,1.268915,1,1.3667874
2703,1.2690215,1,1.3667104
2705,2.5880268,1,3.0321968
2707,2.2215562,1,2.417921
2709,2.0543191,2,1.7209672
2711,1.2721137,1,1.3643724
2713,1.2689453,1,1.3667655
2715,2.1443431,2,1.8475182
2717,2.493323,1,2.9052496
2719,3.168077,2,3.2506819
2721,1.896908,1,1.73013
2723,2.5845032,1,3.046575
2725,1.7187234,1,1.454139
2727,2.42758,0,2.5464044
2729,2.586706,1,3.0472827
2731,1.9680121,1,1.9538976
2733,2.5537806,1,2.9247801
2735,2.1145766,1,2.2236702
2737,2.5102944,1,2.9346857
2739,1.9641062,1,1.9466157
2741,3.4426632,2,3.5862312
2743,2.2547753,1,2.4779692
2745,1.8585088,1,1.7463787
2746,2.579663,2,2.4809897
2747,2.0871043,2,1.7663617
2748,2.3066404,1,2.3524594
2749,2.5446925,1,2.992391
2750,2.2320244,2,2.195503
2751,1.6982108,1,1.3979552
2752,2.162569,1,2.311003
2753,2.4383786,0,2.580453
2754,1.7472862,1,1.5199198
2755,2.5544972,1,3.007947
2756,2.5552194,1,3.0090618
2757,2.4183898,1,2.5965166
2758,1.9876701,2,1.6501019
2759,1.9565403,1,1.8418071
2760,1.4727777,1,1.2365634
2761,2.2389643,1,2.4494011
2762,1.7680874,1,1.4977415
2763,2.147813,1,2.284189
2764,1.7350441,1,1.492501
2765,2.4059365,0,2.4965732
2766,2.3116689,0,2.2862103
2767,2.4341652,0,2.5639184
2768,1.8979073,1,1.7315407
2769,1.7529737,1,1.5323685
2770,1.5568086,0,1.2099465
2771,1.9230698,1,1.8696649
2772,1.3077656,1,1.3373351
2773,2.1891496,0,2.255158
2774,1.3171962,1,1.3303709
2775,1.9682356,1,1.9543164
2776,2.037893,2,1.6996281
2777,2.0831175,0,2.0682926
2778,1.325178,1,1.3245629
2779,1.325178,1,1.3245629
2780,1.325178,1,1.3245629
